Local Route,Light Rail,Peak Service,Rapid Route,School,Other
16436,10705,225,19026,3925,59
15499,10671,267,18421,4519,61
1756,2352,0,3775,0,13
10536,8347,223,14072,0,48
820,612,0,1283,0,11
12977,9620,242,19327,0,0
17387,11627,362,21753,5544,108
2735,3651,0,5236,0,20
17674,11859,364,21560,5700,91
13405,6989,273,13688,4983,74
16332,11502,395,20819,4718,90
14148,11666,414,22670,0,0
4137,6701,0,9370,9,19
9293,4765,127,9940,4936,1
1815,3424,0,4869,0,18
15204,9372,324,16855,4239,80
11895,8363,262,14384,2913,57
11573,9340,254,15526,0,70
6517,3158,80,6569,1861,39
16573,9338,341,17666,5786,77
11880,9258,292,16829,0,49
1835,3226,0,4156,0,27
4349,2957,16,4988,0,40
3020,5112,0,6761,0,171
18200,11890,424,23911,4904,0
3103,4635,0,5958,0,24
3736,5573,0,7765,0,32
2164,848,22,2204,0,35
2709,5108,0,7813,0,23
5899,4310,26,7269,0,0
3631,6629,0,9204,0,0
9013,4379,112,8518,4388,56
12394,9952,308,16751,0,76
11246,8489,278,14409,0,70
11237,8654,282,15559,0,52
2449,3707,0,5562,0,17
4077,6830,0,8725,0,14
9101,4373,110,9258,4931,1
11578,5892,114,10954,5852,53
3003,4645,0,6296,0,27
3189,5160,0,6911,0,34
15814,10464,324,18290,5995,82
8402,6501,144,10400,0,34
19316,12226,351,22311,5990,110
16467,10797,256,19135,4678,95
13313,6459,198,13817,5004,40
12750,6277,202,12590,4965,63
17339,10895,281,19114,5080,75
16867,11452,333,21017,4644,106
11244,5630,167,11301,5205,64
3537,4717,0,6425,0,20
2481,5640,0,6881,0,21
11814,5681,180,11606,5116,52
13036,8545,215,15050,4514,105
15837,11516,351,20528,2345,84
1092,1081,0,1971,0,0
19380,12044,463,25312,5786,1
2719,4481,0,6552,0,13
2282,3173,0,4503,0,23
11353,6969,213,12215,2565,76
18877,12355,468,24998,5752,1
17225,11114,333,20758,5031,79
13752,8194,237,14711,4502,67
14424,10477,284,17591,4425,64
3175,4981,0,6683,0,1
1364,2406,0,3178,0,4
2154,3826,0,5430,0,16
15879,10904,330,19511,4755,71
4742,5775,0,8586,0,20
2035,3565,0,4853,0,23
13322,8369,212,14852,4448,61
18173,12156,393,20914,5656,80
14021,12060,313,23197,0,0
16855,9005,308,17343,6264,111
3016,5045,0,6759,0,30
2987,2388,55,3662,0,0
959,1086,0,1821,0,0
821,709,0,1425,0,12
17771,11162,364,22459,5421,0
16465,11110,281,19704,5200,76
12127,6074,157,11887,5078,54
15168,8604,314,16204,5318,55
12891,10139,366,17634,0,65
13529,9363,247,16422,2344,81
1960,2800,0,4382,0,14
16457,11148,385,20283,4678,91
3988,6036,0,8328,0,24
6888,5062,129,9600,0,8
18698,12296,298,24258,5634,2
13115,6539,217,12691,5071,49
11725,9846,348,16297,0,49
15028,12441,421,24365,0,1
17476,11100,396,20651,5604,89
2632,4137,0,5868,0,16
79,409,0,156,0,0
16565,9548,258,17365,5472,79
11100,7081,221,12751,841,57
3124,6520,0,7922,2,1
1958,3660,0,4666,0,33
15388,9114,289,16617,5269,84
8322,5964,140,10293,0,32
3687,6170,0,7773,0,26
16090,8742,318,16780,5741,84
18169,11827,484,25470,5711,0
1866,2063,0,4063,0,18
19911,12308,485,26947,6518,0
3258,1687,41,3734,72,8
2775,1231,36,2806,0,29
12863,8321,233,14594,4367,58
15019,9623,240,17206,4386,94
15669,10790,380,18916,5000,98
3894,5093,0,6917,0,18
1935,3126,0,4911,11,20
13920,8671,191,15136,4728,109
9813,7663,252,13674,0,45
16929,10875,256,19123,4654,64
379,506,0,850,0,0
5039,6200,0,8743,0,26
18033,11508,363,20873,5229,72
20110,12211,516,26749,6622,0
13441,7017,237,13669,5350,46
16409,11289,276,19301,4789,82
2534,4322,0,6253,0,21
10571,5992,175,11603,4309,62
13618,8881,270,15462,4768,97
18918,11369,370,21562,6431,96
2856,4739,0,6702,0,17
4063,6734,0,9130,0,0
6701,5250,111,9377,0,3
1028,1653,0,2245,0,9
3861,5745,0,7858,0,64
10515,8757,211,14394,0,68
14039,9654,228,16573,3421,51
20266,14527,416,27198,6358,0
2384,4102,0,5694,0,34
11297,5464,148,10927,5289,89
18595,12416,363,24492,5150,1
3741,2126,58,4792,147,8
2333,4119,0,5938,0,13
15409,10825,260,18974,4402,92
16863,10584,423,19544,5557,85
2079,800,22,1915,19,17
1074,1489,0,2243,0,0
17731,11437,266,21334,5628,115
2317,4011,0,5786,0,13
13922,11068,406,19070,0,80
11988,9336,193,15869,0,78
9863,7632,226,13141,0,44
13438,8299,221,14648,4620,58
4922,6073,0,8213,0,24
2074,753,14,1909,0,22
18667,11522,406,21230,6756,88
1888,2750,0,4112,0,14
12001,6149,187,12148,5041,69
10284,7898,184,13242,0,48
20335,12064,529,26842,7255,1
9609,7958,235,12697,0,52
15563,10628,287,18360,4607,87
15523,10625,274,18453,4759,81
17505,11695,349,21288,4961,76
1,0,0,3,0,0
15478,10385,258,18318,4393,78
14986,9623,263,17075,4501,77
1716,2424,0,3957,0,22
12729,6408,228,12778,5228,41
19599,12447,478,25342,5736,0
3905,6565,0,9388,0,0
17478,11640,333,20972,5190,159
19306,12747,423,22837,6025,82
11977,5930,172,11904,5184,58
13225,8683,228,14884,4201,39
16775,10728,312,19631,5672,71
11021,8155,277,14571,0,49
16627,10852,325,19294,5172,56
2831,1555,59,3692,70,1
17882,10840,434,23380,6021,0
11774,5871,176,11698,5135,50
2375,3845,0,5868,0,13
2494,4437,0,6251,0,14
13699,8330,252,14685,4238,46
4804,6173,0,8623,2,26
2429,943,23,2390,0,33
2728,3949,0,5549,0,22
4023,2154,78,4980,800,2
13989,9034,198,15513,5070,50
13528,9163,187,14770,3830,65
2055,3196,0,4597,0,20
10516,6492,128,10990,4013,48
3940,6141,0,8266,0,12
16262,11164,362,19238,4795,93
2511,4697,0,6450,0,20
17920,11871,388,20313,5164,62
883,1321,0,2098,0,10
6913,6330,118,9780,0,0
17194,9979,315,18817,5599,98
15166,9802,264,17773,5120,123
8049,5878,179,9748,0,36
16271,10494,362,19149,4833,65
15710,9112,237,15836,6347,102
6486,4876,21,7742,0,43
2299,4248,0,5101,0,33
2098,3309,0,5210,0,26
18231,11851,383,21160,5821,94
19785,12012,482,25998,6668,0
2225,3257,0,4599,0,17
3123,4847,0,6049,0,33
1263,2186,0,3243,0,19
2943,4965,0,7552,0,0
11388,6868,203,12338,3985,83
7397,7663,107,10164,0,0
2387,4467,0,6187,0,23
10852,8339,258,14102,0,64
12878,10073,322,17691,368,77
12354,6322,142,11858,5729,78
4021,6110,0,8416,0,21
7244,5395,114,9896,0,10
2704,4952,0,6408,0,23
2510,4364,0,6116,0,34
17500,11811,383,21486,5634,119
3046,4849,0,7014,0,6
1510,1951,0,3136,0,18
15954,10448,331,18810,5266,65
8773,6938,236,12938,0,0
11289,6341,167,11741,4457,51
16440,9534,335,17212,5680,78
977,1193,0,1999,0,0
11420,7405,161,12708,3479,51
19485,12217,492,26363,5358,0
1905,745,17,1758,10,18
5972,3783,70,6911,0,29
3311,5053,0,6769,0,19
1828,3004,0,4246,0,13
2441,4214,0,6279,0,15
13215,9540,242,16023,882,66
12361,9864,398,19326,0,0
4319,6477,0,8941,0,31
15434,9897,315,18010,4044,74
2192,3590,0,5281,0,19
2880,4493,0,5914,0,26
2126,813,21,2127,0,17
13382,6840,223,13813,5210,68
16698,9402,395,22215,5750,0
3455,4915,0,7531,0,21
9303,5605,131,10776,4733,5
17296,11619,307,20097,5490,100
13219,8006,270,13883,4467,54
16479,11744,311,20257,4854,87
15703,10374,319,18275,4166,82
2365,3802,0,4993,0,18
19435,12306,414,26179,5776,0
12711,9628,364,18994,0,0
13001,8735,182,14701,2498,123
4025,6142,0,8473,0,25
2507,4680,0,6310,0,22
13625,9479,298,16902,2557,65
17838,11925,372,24095,5345,0
10092,5056,276,12681,0,40
15411,10537,330,18351,4814,78
2874,4172,0,5745,0,1
13176,8858,167,15019,4461,71
3340,1821,41,4129,0,2
10052,5004,219,12502,0,46
756,798,0,1416,0,0
13377,7956,208,14689,4899,75
12319,6259,165,11917,4962,55
9438,7927,213,12931,0,27
2211,3647,0,4879,0,28
3098,4506,0,6145,0,33
12311,7163,114,12151,5266,64
18107,12032,298,20985,5945,124
7933,3671,91,8221,3882,1
602,611,0,1228,0,8
15376,10187,332,18262,4847,60
13366,7524,212,14318,5319,89
14429,10162,240,17486,4327,63
11957,8944,147,14679,1355,58
2607,5029,0,7004,0,14
2078,3802,0,5329,0,21
4095,6110,0,8694,0,21
1245,1415,0,2362,0,0
2351,983,18,2344,0,29
2028,3748,0,5191,0,21
19105,12898,479,25750,5437,0
747,664,0,1292,0,1
15704,10860,361,22332,1158,0
12338,9598,175,15433,409,60
10638,7976,212,13777,0,69
11992,11516,235,17648,0,69
2065,3290,0,4619,0,30
4052,2305,58,4977,117,2
16502,11026,351,19604,5281,91
16776,11300,383,20242,4401,72
18444,11645,476,24190,5700,1
2948,4648,0,6328,0,28
2191,3992,0,5284,0,9
13382,8603,257,15154,3988,75
2619,1085,26,2647,0,22
14132,8463,285,15602,5037,50
1939,2908,0,4165,0,23
1897,2846,0,4312,0,16
3113,4730,0,6304,0,28
2789,3713,0,5451,0,8
13524,7172,237,13918,5160,66
3181,2355,56,3768,0,2
12003,9268,361,18173,0,0
17377,11267,365,20932,5406,87
17427,10766,339,20120,5269,81
2269,897,20,2263,0,20
16539,10869,316,19710,5143,66
11963,8963,296,15793,0,61
11367,6862,195,12653,4084,48
9448,6380,191,11243,0,33
3055,4445,0,6054,0,23
14879,10504,358,20172,716,0
12330,7863,222,13727,4404,49
14136,8295,268,15328,2467,50
4114,2283,66,5166,893,0
13285,8413,188,14184,4534,42
16578,8948,294,17583,5881,109
19392,12180,461,25344,5935,0
14430,8241,309,15403,5020,66
12722,10390,357,18357,0,84
17301,11169,358,20868,5566,94
1451,2165,0,2735,0,0
15896,11184,276,19307,4443,67
16016,10469,398,18380,4793,76
1433,1824,0,3077,0,0
19887,12553,457,25617,5765,15
16028,9564,247,16553,5433,57
19950,12601,459,25864,5754,1
2855,4303,0,6034,0,11
1996,729,22,1984,0,16
10671,5459,143,10233,4732,38
9614,5065,136,10446,4838,4
13333,8416,261,14670,4528,53
1704,2837,0,4354,0,12
9845,7470,173,12618,0,83
12318,10541,260,17366,0,61
14620,9978,369,17664,170,72
10981,8488,331,16238,0,0
4768,5618,0,8056,1,24
2036,2846,0,4520,0,15
3406,12088,50,5273,1124,22
15850,10345,334,18390,4821,91
1081,1148,0,2062,0,2
16230,11061,334,19905,5439,72
2802,4292,0,5975,0,22
16900,11259,308,19761,5074,102
3792,4595,0,6009,0,0
2536,3509,0,5396,0,0
21059,13128,529,28340,6634,0
16583,11200,269,19885,5013,77
16088,9447,300,17588,5489,71
4555,5740,0,7260,0,0
3836,4871,0,6909,0,19
2083,3221,0,4659,0,16
10505,5865,168,11053,4531,33
12873,8272,222,14776,4148,52
10806,8737,302,15269,0,60
17080,11374,349,20551,4878,80
16175,8571,328,20475,5959,0
12698,7583,188,14168,4564,61
6639,4430,62,7920,0,43
13944,8003,170,14636,5217,115
2855,4626,0,6007,0,21
3686,5603,0,8089,0,0
3704,5533,0,7544,0,12
10141,6917,141,11752,1883,41
3689,5536,0,7573,4,21
13358,8597,246,14853,4479,81
14437,10093,376,17790,4252,92
14820,10167,354,17748,3425,51
19068,12320,455,25835,5310,0
5810,3703,84,6896,0,37
7748,3515,73,7175,2000,34
2957,4761,0,6214,0,18
2897,4459,0,5731,0,22
16922,10937,340,19485,5398,79
1759,2932,0,3913,0,15
16092,11230,255,19419,4695,78
2593,1101,19,2575,0,21
16073,10802,317,19564,4777,106
2086,878,20,2167,0,22
2077,3303,0,4665,0,20
10872,8496,226,14615,483,48
19204,12628,450,26299,5688,0
6584,4094,113,7577,0,45
570,549,0,1014,0,13
9189,4962,95,10034,4688,0
13905,10973,361,19198,0,77
17117,11370,351,21000,4757,102
2989,1640,60,3682,86,0
12010,9618,325,16433,0,79
2082,2560,0,4260,0,22
14079,8440,267,15871,5085,137
14534,9800,249,16362,3665,50
17232,11611,354,21004,5297,84
4324,5584,0,8276,0,19
3819,8161,0,9533,0,115
13012,7713,214,13917,3705,42
2941,4142,0,6034,0,11
18996,12111,477,26214,5567,0
2736,4271,0,6258,0,29
11361,9231,220,15268,0,63
2339,1214,16,2474,9,11
9915,7671,235,13210,0,58
16721,9261,353,18172,5784,70
11249,8376,332,14407,0,49
11123,9207,202,15486,0,57
13418,8535,255,15308,4970,57
12441,8744,227,14611,3798,55
12902,7135,192,13176,5127,37
3400,5289,0,7369,0,24
9044,5188,158,10514,4819,6
1687,2709,0,3998,0,10
1509,2415,0,3241,0,13
15767,8629,276,15967,6561,59
2819,4822,0,6914,0,13
18743,11530,408,24273,5962,13
13683,9034,234,15536,4531,54
1733,2489,0,3663,0,22
10114,7269,267,12813,0,56
13072,8453,152,14451,4094,44
16395,10312,346,18537,4893,71
2196,3969,0,5130,0,13
12135,6702,163,12374,4381,59
13710,8879,269,15691,4375,71
12567,6327,128,11990,5629,61
18567,11812,491,24402,5733,0
11175,7493,197,13145,756,63
1474,2342,0,3389,0,16
16548,9492,323,17840,5307,65
12338,7825,198,13925,2244,54
2543,4608,0,6010,0,20
8323,5489,144,9855,0,37
18395,11678,403,24636,5465,0
2465,4161,0,5987,0,27
16718,9942,294,18162,5493,161
3954,9259,0,10078,0,2
13714,7700,227,15424,4499,60
4108,6610,0,9131,0,14
16419,11475,344,20303,4587,105
11993,9988,254,16913,0,72
14879,9397,322,17133,4438,95
2448,3993,0,5499,0,23
3026,4498,0,6305,0,33
5643,3514,49,6297,0,40
13991,7885,244,14789,4725,39
16373,11618,369,21095,4738,89
18081,11873,410,24562,5797,0
4155,6994,0,8851,0,22
15674,9502,289,17610,5192,95
4045,4739,0,6000,0,0
18465,11622,438,24108,5712,0
16356,9283,324,17202,5675,64
16154,10881,235,18718,4686,85
1386,2106,0,3074,0,3
13693,8078,283,14925,4722,74
2035,720,23,1846,0,12
11999,9403,363,15236,0,73
16250,10883,287,19003,5330,110
16822,10454,367,18771,5006,75
2388,4198,0,6399,0,58
2808,4708,0,6475,0,21
2005,2887,0,4341,0,31
2250,3419,0,4524,0,35
2654,4737,0,6379,0,68
16262,9740,226,17216,5391,82
16353,10707,334,19483,4807,102
4082,6050,0,8568,0,24
2147,864,27,2153,0,25
6332,4990,35,7565,0,41
2186,4229,0,5843,0,24
16200,10787,244,18997,4777,62
2015,3304,0,4498,0,26
16107,10283,365,18880,4627,78
16147,10628,334,18877,5774,59
15215,10129,380,17883,4383,67
14360,8657,233,16306,4217,62
1614,2777,0,3759,0,1
14014,8862,254,16040,4773,72
9067,5832,140,10841,3578,3
13714,7935,266,14466,4936,48
3782,4743,0,5886,0,0
20182,12363,491,27319,6426,45
14114,9377,254,16357,3943,134
2177,5018,0,4315,0,0
11596,5647,170,11223,5176,58
2642,3748,0,5713,0,0
17080,10948,342,19202,5177,70
14095,8541,232,15849,4697,54
15595,9565,244,16451,5047,64
2153,3185,0,4369,0,17
3190,4487,0,6112,0,16
17761,12660,317,24355,4542,0
1760,1703,0,4112,0,12
16769,10269,368,18505,2300,71
14893,10108,390,17550,4643,66
1893,2252,0,3890,0,0
12087,6195,174,12014,5165,55
2670,3272,0,5531,0,0
2914,4519,0,6777,0,0
2788,4381,0,6498,0,24
16541,9724,311,18003,5426,108
2992,5583,0,7530,0,0
15993,10937,357,18900,4914,92
17754,11095,413,19694,5391,88
9488,7256,253,12413,0,40
14044,9443,185,16075,4122,109
18405,11455,393,20885,5932,88
5292,4167,51,6005,0,38
10496,5460,236,13303,0,45
13340,7215,191,13970,5386,47
17741,11575,486,23387,5010,1
15000,10888,365,18112,2584,63
19318,12323,377,22592,6007,126
2820,4036,0,5516,0,17
4792,6039,0,8107,0,15
17712,11308,257,19452,6174,100
2951,1519,47,3497,33,1
7511,3291,77,6912,2041,61
15884,10685,367,18317,4883,95
13561,9302,177,15288,4191,53
8961,5466,151,11014,3555,7
6419,4160,81,7608,0,39
2440,3756,0,4993,0,26
12828,9451,277,15889,679,70
18614,12644,384,25079,5224,0
11689,9680,309,16250,0,49
3580,4356,0,6425,0,18
3181,5651,0,7180,0,8
14281,9948,269,16941,2811,42
4248,2987,12,4744,0,31
2670,4615,0,6727,0,13
947,892,0,1569,0,0
10397,6065,134,11144,4115,38
10321,5114,122,9626,4910,51
5447,7090,0,7922,0,0
4003,2449,133,5846,108,0
16764,9151,280,17836,5839,99
14071,9746,221,15947,4199,50
16451,9619,347,17927,5171,65
17730,11484,436,24233,5704,0
2369,989,24,2407,0,23
16384,11381,238,20144,4708,72
12099,7798,177,13846,2940,57
12202,6435,143,11899,5591,59
17048,10892,350,18756,5162,66
15799,11026,256,18641,4859,83
16928,11291,304,20763,5036,101
7872,3510,78,7119,2116,63
2718,4322,0,6499,0,51
1910,3759,0,4918,0,21
12513,6712,161,12778,4808,46
2252,4891,0,6560,0,15
15799,9347,215,16832,5684,43
706,889,0,1468,0,2
10974,7946,265,14248,0,58
14974,9894,232,17648,3816,65
11694,5756,167,11698,5384,42
1810,2725,0,4055,0,27
10779,5642,160,10635,4314,65
3708,5759,0,7436,0,33
15089,12660,426,24221,0,1
12530,10259,378,18402,0,71
1966,3213,0,4514,0,11
12743,9704,370,19481,0,2
20171,12442,493,27226,6571,35
2431,1046,20,2326,0,27
20009,14789,403,27732,5099,0
11342,5503,239,11623,4938,37
2094,3260,0,4717,0,15
11722,6337,157,11965,4892,49
14492,9646,266,16659,3916,176
2448,4337,0,5949,0,23
8319,4023,71,8072,2024,42
16892,9733,320,18152,5769,85
2618,4153,0,5880,0,18
3186,5064,0,7001,0,0
13325,6968,273,13565,5488,47
4103,6483,0,9145,13,22
18155,11450,392,20665,5971,123
18722,11596,445,25349,5945,76
18814,11527,498,24134,5922,0
15475,10479,371,18701,4730,70
18520,11127,379,20624,6550,77
3898,6625,0,9358,0,3
3857,6066,0,8963,0,0
8962,5841,190,10557,0,30
17301,11173,351,20921,5004,65
2086,3431,0,4734,0,22
11101,7148,214,12939,3347,42
4126,5234,0,7066,0,0
2453,2544,0,4521,0,14
13929,8144,209,15109,5254,63
13366,9859,357,17289,2837,71
1633,2026,0,3206,0,18
2506,4139,0,6115,0,15
2947,4949,0,6182,0,17
2693,5301,0,7276,0,31
4165,6135,0,8411,0,14
12206,7602,223,13638,3631,39
15744,10793,420,21636,1162,0
14100,10587,362,21046,0,0
13507,8622,196,15511,4108,71
2534,4020,0,5720,0,19
3516,5607,0,7747,0,22
15786,9942,302,17728,5207,59
1353,1671,0,2504,0,12
3998,2298,106,5544,97,1
8635,5435,137,10678,3290,3
12914,8289,216,14440,4420,42
3084,4630,0,6502,0,30
18055,10993,417,23455,5830,0
11554,9883,225,15609,0,67
19447,12102,472,26048,5656,0
11979,9532,259,15004,0,76
16823,9430,340,17491,5870,93
17315,11245,356,20639,4842,73
15520,10326,317,18804,4726,66
13821,8648,209,15268,4045,59
13860,10799,417,22073,0,0
13835,10550,455,19862,0,1
17106,11542,373,20971,5703,72
9081,7982,176,12660,0,52
20387,11609,499,26610,6766,1
1856,2895,0,4146,0,35
18224,11833,469,24440,5626,0
12663,6651,143,12389,5514,50
2091,3086,0,4440,0,17
2691,1217,20,2926,0,27
13602,8231,262,15038,4737,65
16467,11024,362,19855,4996,76
14689,9787,245,17261,4652,78
3845,6139,0,8120,0,20
3635,5750,0,8070,0,11
13656,9160,348,16289,4443,71
16337,10720,385,20215,5432,69
16511,9238,315,17184,6441,74
2713,4356,0,6532,0,3
14025,10434,421,20592,0,0
730,660,0,1393,0,12
16818,9674,315,17926,5465,90
2006,3196,0,4803,0,7
2913,4271,0,6681,0,4
15767,8983,333,16782,3577,51
1865,2403,0,3787,0,9
11172,8393,285,14440,0,55
2958,5864,0,7136,0,9
6629,5009,137,9443,0,3
12510,6966,134,12570,5326,69
14074,8797,238,15608,2913,63
2589,1082,24,2718,0,23
15801,10513,376,18686,4865,63
16283,10969,407,20143,4696,81
2876,4782,0,6061,0,18
16131,11455,255,18920,5366,118
12742,8300,162,14332,4422,65
15893,10650,317,18928,4526,77
13637,8032,266,14649,4795,63
2239,2842,0,4541,0,16
19198,12750,456,25968,6037,1
3258,5942,0,7065,0,23
5306,7540,0,8618,4,0
7908,3986,89,8407,3767,1
11074,6058,153,11305,4574,42
15170,10810,362,18459,3042,66
13657,7540,230,14231,4841,59
15536,10275,386,18284,4902,61
16507,9949,246,17759,5540,69
2344,913,21,2280,0,21
3088,5647,0,7775,0,18
14881,9455,314,16610,4174,70
13472,6242,186,13757,4943,53
2705,2715,0,5439,0,29
9583,5703,121,10705,4585,4
16371,11064,366,19576,5550,101
15156,9612,246,16799,4229,91
10366,7877,154,13248,0,54
14519,9879,343,17483,4296,65
4825,6848,0,8536,0,19
18587,12238,426,21575,5442,96
2856,5034,0,5933,0,17
5383,6522,0,8231,0,1
12194,9821,365,16383,0,73
16420,9626,267,16969,5811,75
9529,7873,226,12933,0,48
9753,7324,248,12716,0,59
1481,2740,0,3308,0,6
14299,8797,252,15723,5160,92
3731,6849,0,8449,0,102
13979,9047,284,15836,4485,56
16056,9812,344,17921,4797,84
14040,9241,319,16658,3016,56
12723,8434,238,14196,4010,42
17446,11231,321,20844,4524,91
2049,3591,0,4969,0,16
14587,8914,304,16243,4295,53
15943,10252,336,18670,5186,61
15800,10808,345,19233,5413,100
13245,8425,173,15225,4270,56
13366,6594,249,13389,5398,40
16931,11798,294,19999,5299,105
5879,3545,75,6608,0,27
13206,7039,138,13205,5581,140
17242,10997,312,19596,5499,85
14063,8847,241,15540,4633,72
2783,4296,0,6135,0,22
11744,5628,183,11068,5306,39
1973,3308,0,5036,0,19
17892,10847,458,22891,5813,0
3971,6162,0,9552,0,0
8061,5998,100,10227,0,45
2498,6572,0,6513,0,14
3369,5149,0,6554,0,24
2148,3430,0,4932,0,24
5259,2318,58,5027,0,41
13149,10032,259,18341,44,0
12778,6549,195,12682,5075,49
16498,11686,368,20735,4701,69
17690,11279,375,21424,5094,85
17365,11255,378,20596,5139,105
10902,6586,194,11920,3265,45
17108,11047,349,19420,5442,61
8856,7678,175,10983,0,48
2100,3216,0,4417,0,18
14452,8861,271,16091,4884,64
13560,7021,227,13692,5380,66
1862,2799,0,4160,0,18
2730,3889,0,5175,0,26
489,409,0,862,0,5
1507,2477,0,3673,0,10
9632,6301,197,11869,0,45
3687,5699,0,7796,0,11
3170,4718,0,6242,0,17
2226,3553,0,5147,0,21
15846,9420,270,16980,5534,91
722,503,0,1079,0,6
15265,10162,346,18713,4823,74
1839,3064,0,4454,0,22
12610,9002,225,15471,2669,53
458,456,0,943,0,7
12504,9633,273,16163,2096,52
6901,3495,101,7501,3708,1
2234,3731,0,5454,0,18
14014,8326,254,15939,4914,101
3298,7452,0,6637,0,45
8397,5496,187,10183,0,31
1983,3378,0,4258,0,14
19037,11559,351,20647,6343,123
4365,2790,164,6563,144,0
17471,11645,373,19880,4901,96
12650,6590,157,12662,5542,63
6085,2890,85,6510,2470,1
16659,9901,294,18151,6238,100
12497,9542,356,15626,0,64
15884,9606,368,17510,4938,46
1959,768,21,1920,14,13
1996,3517,0,5276,0,10
17267,11047,306,20871,4774,108
2066,949,20,2139,29,14
13588,9101,183,15110,4155,38
2738,4605,0,6663,0,54
2015,741,9,1907,11,13
17269,11314,367,20063,4988,80
2049,3796,0,5285,0,34
11809,8649,308,15495,0,46
18838,12491,334,21939,5524,111
2081,3242,0,4977,0,34
3955,4411,0,6228,0,2
4835,6329,0,8639,0,17
16882,10194,310,17639,4474,77
10341,8520,227,14447,0,60
13434,8663,254,14764,4138,38
13403,10476,343,19749,0,0
15635,10279,405,18394,4684,69
17004,11653,445,22538,3083,0
14391,9346,296,16643,4691,73
2420,4047,0,5898,0,14
2559,4430,0,6221,0,20
7269,5337,150,9105,0,38
2922,5166,0,6031,0,23
18838,12958,453,25717,5360,0
5744,3581,54,6655,0,36
13162,8636,235,14960,4443,67
6047,3723,82,7129,0,32
2870,5069,0,6956,0,2
8654,5669,212,10697,0,35
12986,6459,209,12772,5319,40
11736,5810,177,11520,5156,46
5439,6396,0,8283,0,0
2624,4212,0,6383,0,18
15510,10639,346,18806,5409,71
2212,4302,0,6208,0,18
2215,4789,0,5996,0,16
13407,8337,226,14799,4397,48
16707,10417,342,19550,5096,68
15907,10702,395,19183,4756,62
16397,11100,1029,19102,4550,81
17352,10585,382,19422,5555,90
2094,5283,0,5204,0,18
3024,1577,57,3682,0,3
2932,4614,0,6026,0,21
17964,11548,468,24134,5602,3
2821,1217,22,2837,0,36
11669,8395,308,14960,0,60
18752,11660,309,21585,5476,99
16343,9710,310,17375,4823,94
2041,3529,0,4583,0,17
17375,10726,337,19327,5100,75
12488,8421,233,14413,3038,43
12288,7427,192,13710,2193,43
2744,4452,0,6776,0,14
2970,4847,0,7236,0,19
13394,10098,188,15472,1654,64
759,1113,0,1356,0,0
16970,9766,330,18261,5474,125
14682,9474,347,16823,4627,43
2229,959,22,2294,0,26
4606,5185,0,6327,0,2
10843,8201,270,14035,0,43
3776,6678,0,8247,0,20
18462,12418,370,24410,5472,0
16569,11912,375,21015,4888,82
17817,11318,364,20230,5814,86
16964,11844,363,20612,5803,80
11306,9133,332,16024,0,64
5375,3985,13,6117,0,32
9307,7546,160,12607,0,50
19619,12257,432,25284,5845,0
2778,1205,29,2729,0,20
20617,12733,485,27552,6853,0
13690,6768,249,13685,5116,40
3230,1786,39,3819,0,1
2428,3154,0,4663,0,12
9291,4575,106,8821,4650,64
2772,4672,0,7003,0,28
18749,12163,385,21933,5793,94
15543,9467,337,17910,4967,78
5362,10710,0,11523,0,26
3205,4629,0,6330,0,18
19049,12391,417,25990,5640,0
3478,5057,0,7041,0,15
3798,5925,0,8036,0,17
17605,11511,271,19880,5560,61
10111,7288,160,12247,1399,45
10210,8151,103,12763,0,54
17380,12626,361,23119,4200,0
14811,10733,253,17504,3629,73
15556,10578,355,18604,4687,90
9018,4463,128,9384,4892,0
2133,3897,0,5351,0,13
16416,11133,397,19592,4878,78
16494,11475,418,20848,4581,87
5506,6583,0,7922,0,0
3059,4355,0,6004,0,28
12993,8862,264,15055,3993,72
8989,7192,217,12152,0,46
3481,5494,0,6976,0,0
10564,7884,197,13303,0,68
2767,4138,0,5742,0,32
14080,9091,207,16697,4651,65
15421,10329,364,18340,5228,49
12969,9599,215,16001,695,59
14148,9183,252,16085,4377,78
16357,10340,357,18935,4791,64
4594,5572,0,7574,0,16
2878,4304,0,5796,0,18
14311,10246,359,17588,4011,87
14754,12048,434,23526,0,0
3064,1708,64,3871,49,0
4930,2240,53,4649,0,21
16324,9909,264,17623,5391,66
18953,12744,340,25010,5738,0
12972,8081,230,14630,3938,53
1325,2312,0,2586,0,1
14029,9022,242,15715,3905,75
13846,11150,325,20012,0,0
6884,4342,105,7925,0,49
10797,5938,158,11319,1939,55
16871,9638,336,18181,5814,84
15948,10009,258,18097,4621,71
3761,4682,0,5936,0,0
7017,5230,139,9859,0,3
12985,7786,261,14379,4274,57
14877,7872,262,17962,5398,0
3197,5557,0,6828,0,10
2811,4740,0,7136,0,19
2479,3985,0,6334,0,15
16478,11316,294,20284,4801,86
9099,6465,153,11136,0,49
16920,9332,304,17909,5813,76
3889,6348,0,8231,0,20
1898,2522,0,3907,0,14
17696,11515,409,23119,4603,0
13412,8458,243,14828,4518,78
9550,5044,100,10276,4876,2
1974,1898,0,4229,0,15
2968,1516,65,3449,51,0
16117,10940,417,19717,5204,82
10990,9004,323,15119,0,61
18527,11891,453,24856,5978,0
13057,6728,149,12883,5477,80
13863,9607,347,16725,1032,50
1902,3027,0,4360,0,23
4379,3044,17,5077,0,12
8512,6393,152,10362,0,87
16095,10856,326,20261,4967,69
12443,10295,328,17890,0,80
6164,3667,79,6893,0,30
13219,6963,171,13410,5472,69
2791,4820,0,6383,0,23
12547,6439,200,12671,5124,95
9704,7564,221,13175,0,49
13667,8693,261,15187,5042,80
10892,7901,285,13678,0,52
463,375,0,821,0,9
11548,9408,358,15663,0,53
19027,12400,389,22245,6246,86
14234,8392,207,14986,5025,56
2193,4014,0,4242,0,21
2896,1233,21,2944,0,17
1981,3575,0,4978,0,4
9088,4707,133,9814,4998,1
3568,1925,63,4240,76,1
1850,3215,0,4811,0,22
3798,7491,0,8072,0,4
15611,10477,440,21149,1104,0
2739,4731,0,6496,0,23
12111,8289,251,14338,4000,52
20092,12935,341,26149,5906,1
20567,12657,488,27379,6106,1
16352,10086,247,17849,5224,68
2960,5559,0,6751,0,15
16877,9874,338,17889,5379,46
2161,3355,0,4701,0,26
15700,9888,304,17787,4481,59
16351,10568,330,19222,4494,71
14221,8741,252,15995,5169,71
8318,6099,149,10430,0,38
12169,6935,234,13066,4429,45
10775,5557,278,13546,0,46
12851,7583,247,13798,4687,41
13580,9657,290,15701,3794,70
2565,4262,0,6097,0,17
17698,11639,381,21325,5154,100
14900,8802,273,15542,5224,59
2747,4827,0,6353,0,0
268,1026,0,555,0,0
1852,2574,0,4106,0,44
17243,11910,389,21503,5175,94
12462,6712,135,12340,4974,72
17404,11659,397,19945,5219,99
720,671,0,1207,0,13
2369,3698,0,5494,0,17
16101,10146,372,18204,4956,68
15979,9854,335,17356,5093,67
2518,4152,0,5776,0,19
3499,5626,0,7487,0,31
1236,1741,0,2807,0,16
11733,8605,292,15283,0,50
1903,2741,0,4100,3,30
14148,8159,250,15778,4983,57
14447,9308,232,16335,4022,63
15696,10831,340,18860,4967,100
19383,12433,423,26122,5532,0
14997,9650,255,16857,4129,63
18332,11412,461,24242,5646,0
4453,12927,0,11591,0,17
2748,4495,0,6210,0,31
15886,9178,315,16923,5688,77
3542,1892,28,3579,0,29
16429,10544,342,18785,5460,116
16129,10469,288,19650,4557,93
19295,12777,414,22585,6145,103
3049,4802,0,6306,0,21
12808,6968,228,12879,4762,37
17388,10862,405,19336,5180,76
10418,4666,256,12058,4119,1
11208,8572,318,16730,0,0
1675,3039,0,4089,0,11
1733,3050,0,4560,0,26
2694,5370,0,6621,0,18
13225,8420,168,15030,3992,60
2985,1637,47,3631,0,1
4493,5491,0,8024,0,26
1462,2109,0,3289,0,16
2785,3974,0,5481,0,0
16645,10955,318,19732,5263,88
2295,878,19,2177,0,26
14323,10425,337,17795,899,69
17194,11597,320,21456,5199,123
2355,3301,0,4917,0,10
11942,6103,186,11884,5176,46
16175,11031,404,19560,4910,93
2402,3283,0,4831,0,37
4245,7021,0,9361,0,23
18911,11382,451,24641,5685,0
14192,9730,179,16351,3768,60
3257,5240,0,7161,0,19
11328,5680,168,11624,5320,55
735,566,0,1081,0,7
10741,6438,181,11422,4195,51
15448,8964,283,16476,5744,70
15358,10217,325,18228,4487,54
2135,3430,0,4664,0,54
3224,5581,0,6530,0,19
15001,12534,458,24050,0,0
16216,10994,428,22018,3790,0
2750,7532,0,8097,0,17
15995,10805,387,20085,4808,61
12963,9891,448,19874,0,0
6891,4653,83,8183,0,28
15987,9962,407,21223,3715,0
15630,8950,323,16981,5399,49
2790,4347,0,6192,0,13
16514,9619,328,17408,5388,88
16880,11128,346,20140,6132,127
18699,11379,470,24549,5823,0
2367,936,23,2300,0,22
2123,3480,0,4871,0,33
4909,3966,15,5777,0,37
3193,5198,0,6824,0,23
16885,10819,404,19566,5203,61
2504,4610,0,5468,0,28
10558,8270,188,13371,0,43
3175,1776,83,4246,66,1
2284,3285,0,4916,0,1
4486,6634,0,9896,0,21
2859,4365,0,6086,0,16
6598,4140,93,7647,0,34
15211,9628,263,16764,4334,72
18011,11230,438,23009,5362,1
1956,3094,0,4346,0,26
8969,7382,204,12245,0,52
1859,3402,0,4810,0,14
18071,12974,336,23475,5376,0
12913,8520,193,14151,4191,51
1561,2038,0,3406,3,20
21070,13081,488,28678,6435,0
12201,6345,135,11943,5865,84
4836,5422,0,7219,0,0
1196,1694,0,2551,0,0
2481,4081,0,5865,0,19
9127,6749,150,11528,0,73
3681,5526,0,8276,0,17
8074,5410,122,9419,0,55
13661,10327,456,20720,0,0
14247,9179,244,15913,4754,78
1322,1648,0,2850,0,1
16134,10950,363,19270,4862,84
12072,9019,333,15175,0,81
1832,2356,0,3703,0,15
2729,4356,0,6234,0,23
11291,9204,302,15537,0,60
11369,8161,275,15282,0,74
4702,7521,0,10690,1,21
12975,10718,298,17709,0,83
315,1028,0,759,0,0
2523,4367,0,6804,0,15
4117,7197,0,9681,0,29
943,877,0,1592,0,0
2861,3732,0,5437,0,0
2814,5058,0,6904,0,26
15029,10092,263,17269,4393,74
863,944,0,1540,0,0
12639,7956,190,13976,4039,48
9658,5267,151,10691,4895,7
14834,9153,210,16181,4912,58
17482,11274,369,21350,4838,75
3846,5946,0,7858,0,19
14257,9527,281,16565,4184,98
9123,5189,113,9312,3660,57
4057,5780,0,8807,0,26
3868,5739,0,7922,0,24
10451,6524,113,11230,3746,63
15828,10402,327,18694,5447,73
4187,4398,0,5751,0,3
16418,10875,266,19091,4616,66
1657,2419,0,3710,0,21
11968,8770,313,15654,0,70
1682,4101,0,4065,0,10
3305,4974,0,6662,0,35
3736,5793,0,7739,0,16
18619,12012,461,24841,5947,0
5296,4955,12,5831,0,34
4965,6261,0,7801,0,0
10526,9139,138,14264,0,72
12828,11047,324,18995,0,61
16365,13887,252,20392,5262,94
3022,4629,0,6642,0,19
11957,6060,114,11081,5967,50
11782,9473,346,18310,0,0
18944,11412,354,21118,6354,103
12534,8169,227,13561,979,53
16684,9629,350,18049,4819,99
9662,9746,146,11635,0,116
15616,10487,364,19386,4704,162
1998,3158,0,4367,0,7
11925,5890,174,11641,5133,83
13539,6988,285,13699,5329,49
17135,11696,415,22494,2750,0
3561,6983,0,7272,0,25
1602,2180,0,3427,0,15
16428,11052,358,19750,4760,75
12733,10257,312,17789,0,54
2681,4215,0,5776,0,2
17174,11025,351,20487,4889,51
15938,10820,386,19660,4862,84
4065,4332,0,5426,0,0
2254,3294,0,4623,0,11
2698,4627,0,6518,0,20
19565,12286,427,25376,5492,0
3796,6505,0,8581,0,14
16701,9561,315,18249,5861,85
11612,8381,245,14129,0,80
15025,8181,290,15489,5451,62
6087,4489,17,6931,0,34
2449,4609,0,6658,0,26
18887,11664,446,24581,5779,2
16895,10656,409,21715,3993,0
2919,4989,0,7052,0,20
1736,2559,0,3662,0,2
4044,5834,0,7458,0,26
5852,4999,21,7343,0,0
14324,10223,304,17282,771,59
18782,11736,451,25038,5822,0
2878,4941,0,5986,0,16
14462,9657,209,16327,3927,54
2133,3417,0,4919,0,21
11828,9388,299,16126,0,60
2191,928,22,2114,0,22
19621,12291,432,22583,6050,90
9267,4752,127,9748,5022,1
12225,10204,307,17980,0,63
3163,4956,0,7621,0,0
1975,3692,0,5264,0,11
6527,3109,81,6952,2402,0
15851,9073,303,17096,5369,90
3801,6095,0,8498,0,0
4676,15154,0,14048,4,0
4405,6986,0,9018,0,29
1727,2345,0,3534,0,18
1760,2609,0,3573,0,22
12449,7602,250,13954,4386,56
15945,10982,373,19285,4931,61
16729,9315,333,17840,6105,95
12858,8812,223,15507,1731,47
10995,8859,343,15424,0,61
2052,3363,0,5203,0,56
14997,10483,258,18507,4237,80
15149,10538,346,18834,5110,86
14179,9035,269,16214,4414,67
16977,9505,328,18352,5813,75
6654,5072,119,9775,0,4
17130,11051,384,20557,5272,77
3921,5051,0,6608,0,14
17335,11438,338,20661,5694,108
3263,6234,0,8031,0,19
16528,11498,309,19857,4836,116
3769,5702,0,8372,0,49
2138,2727,0,4133,0,16
2389,4620,0,5641,0,8
2710,4752,0,6433,0,22
11780,6020,185,11809,5454,44
18691,11263,464,24375,5600,1
18034,12547,327,24658,5082,44
15276,10321,282,17779,4674,78
16667,9031,301,17252,6533,75
11622,9407,329,16589,0,61
15055,9619,248,17153,4420,82
16604,10445,437,21868,3576,0
1869,2673,0,4102,0,20
4420,6739,0,8622,0,22
11668,5992,134,11538,5341,70
10546,5565,283,13358,0,49
1349,2101,0,2884,0,1
13451,8495,248,15075,4955,62
10669,7677,230,13056,542,74
15304,10222,378,19000,4492,81
2252,3175,0,4576,0,24
2781,5347,0,7669,0,3
4891,5814,0,8241,0,22
20332,12188,475,26961,7082,0
13078,9442,422,18848,0,0
1832,2808,0,3956,0,2
6428,3096,79,6671,2663,0
14125,9218,193,16583,4486,52
13602,9159,223,15491,4288,111
1820,2837,0,4416,0,20
11079,7737,251,14190,0,48
15774,10575,258,17906,5667,64
13768,10689,428,20550,0,0
2036,3038,0,4399,0,21
2703,3865,0,5492,0,15
13856,10066,421,19502,0,1
4603,7170,0,10062,0,15
4607,6317,0,8659,0,21
5756,4911,30,7016,0,1
12982,8995,195,14731,2279,58
3015,1756,40,3826,0,0
9324,6000,120,10843,4499,2
6121,5468,127,7538,0,16
1895,2954,0,4199,0,0
1744,2986,0,3891,0,23
3099,4842,0,6933,0,21
11883,8121,231,13980,3991,47
14865,8811,276,15373,5263,88
13653,9277,190,15335,4210,127
17101,10793,357,19639,5710,68
12049,9418,302,15595,0,77
12056,7920,282,14017,3271,66
16093,8837,314,16855,5557,54
1652,2453,0,3643,0,13
19623,12961,514,27706,2551,0
15122,10315,255,17572,4608,70
11979,8632,207,13934,619,57
15365,10535,327,18023,3973,77
16242,9950,305,18375,4846,83
1256,2434,0,2608,0,13
16804,10456,312,19296,4748,89
14107,9135,266,15984,4338,69
9682,7575,238,13207,0,48
1762,2550,0,4264,0,17
17434,11498,342,20937,4846,77
3122,4606,0,6059,0,16
2612,4609,0,7040,0,25
16193,9984,237,17784,4826,57
16472,11773,320,20434,4769,113
12959,8398,208,14429,4763,51
15586,11462,268,19346,3798,51
13296,6869,242,13461,4768,52
2723,4251,0,5870,0,21
17970,11262,312,20001,5113,92
538,501,0,1059,0,8
4728,6362,0,8397,0,21
14752,8957,301,16002,4916,68
2823,4503,0,6346,0,19
16244,10551,322,19043,4824,79
11574,8730,275,15009,0,59
18895,12716,467,26133,5445,0
19368,12300,382,24486,6794,0
15531,9164,236,16405,5201,62
19023,12231,424,24632,5652,0
2663,4465,0,6395,0,8
13216,8693,178,14737,4336,59
15589,9013,292,16465,5461,114
10292,7197,279,13043,0,37
3102,4821,0,6478,0,19
9972,8005,194,13508,0,62
16492,9542,350,17753,5362,69
16156,9339,278,18770,4909,73
2463,4217,0,5900,0,26
985,1364,0,1830,0,0
2866,3814,0,5721,0,77
2171,4388,0,5727,0,18
16492,11321,419,20342,5357,78
18130,11446,408,20579,5812,68
11670,6433,131,11738,4386,46
15928,10800,441,22012,5002,0
20972,13015,478,28359,6518,1
14390,9107,221,16216,4235,38
16567,11589,367,20965,4713,102
2302,3116,0,4712,0,25
2195,4683,0,6002,0,19
11324,5298,182,14359,1154,56
17945,12473,262,20870,5612,108
8594,5084,149,10213,3530,3
17479,11537,368,21068,5059,77
15474,10997,264,19069,4840,61
15710,9714,230,17105,4727,69
3638,7256,0,9799,0,4
16772,10399,313,19741,5099,78
2286,3552,0,4928,0,31
16801,10330,410,19969,5478,142
12261,9066,350,15805,2574,68
18612,12023,481,24790,5741,10
4092,5835,0,8656,0,28
17752,11944,318,21830,5580,92
525,526,0,906,0,10
11910,9464,324,16443,0,57
4877,3422,29,6010,0,25
13157,7269,161,13136,5415,100
14887,11849,389,23700,0,0
3959,6385,0,9125,0,13
2168,4046,0,5659,0,13
16570,9384,354,17731,5693,57
11836,8604,262,15243,0,69
15356,9747,284,16491,4341,71
2425,4726,0,6122,0,19
14918,8563,295,15651,5557,57
4063,9014,0,8471,0,26
14825,9797,261,16820,4113,71
9904,4865,157,9922,5038,25
15613,11094,296,19360,4445,74
19025,12516,435,26062,5862,1
11431,5706,148,11239,5160,29
594,691,0,1311,0,10
3257,4849,0,6541,0,42
15316,10196,297,17918,3664,54
13829,9212,152,15371,4291,53
16511,11677,357,20607,4863,75
2954,5261,0,7208,0,23
17166,10623,364,19041,5116,70
1558,2212,0,3307,0,16
16966,10391,343,18676,4888,94
12627,8322,266,14088,1135,46
2852,4704,0,6737,0,20
19625,11974,423,25010,7208,0
10317,5360,175,12170,0,47
10261,7354,256,13077,0,27
16344,10408,323,19329,4935,65
19097,12372,468,26757,5716,0
2282,4375,0,5925,0,6
4199,5553,110,3843,0,2
16489,9620,305,17913,5512,110
10770,7068,282,13369,0,51
17508,10878,389,19124,5264,66
1585,2348,0,3549,0,40
18777,12046,473,24991,5639,0
1381,2284,0,3311,0,2
3279,4610,0,6389,0,37
12251,6152,212,12220,4789,54
12698,8385,193,14180,3862,48
16077,10796,259,18509,4585,70
14796,9131,232,16373,4190,88
16631,10638,252,18396,4345,63
16727,10665,366,19896,4629,73
746,744,0,1289,0,3
4207,5358,0,7194,0,16
9,0,0,0,2,0
5438,3846,50,6286,0,26
7619,3700,99,7974,4084,1
5505,4082,20,6369,0,41
19121,11890,418,22017,6312,134
2380,4256,0,5770,0,24
2063,3493,0,4627,0,24
16339,9267,301,17560,5829,110
2266,3880,0,5153,0,14
14293,12071,285,22457,0,0
11113,8226,318,14590,0,59
2377,3749,0,5286,0,17
2804,4987,0,6726,0,0
10476,8172,193,13363,0,40
1846,2842,0,4107,0,45
19116,11690,498,25242,6225,0
13910,8787,282,15422,4451,85
13366,9265,183,15208,3998,62
11477,8637,262,14897,0,63
8928,5773,228,10638,0,40
12196,9485,273,16331,0,76
13125,6930,161,13403,5547,71
3054,4333,0,6090,0,29
2732,1229,28,2777,0,29
1596,2702,0,3585,0,3
12177,5935,200,11947,5022,49
2108,3922,0,5466,0,11
19124,12459,391,22628,5916,110
13733,10679,359,18766,0,73
3821,6422,0,8312,0,0
17817,11681,432,23824,5138,135
18448,12685,370,25368,5421,1
9839,6673,200,11929,0,50
9492,4940,152,10258,4880,3
14094,9156,236,15478,4057,76
10782,5601,151,10671,4802,58
10113,7544,270,13375,0,41
16463,11195,398,19820,5055,63
3059,4677,0,6433,0,2
19155,12292,353,22322,5779,108
13721,8248,209,14637,4720,66
9512,6550,230,12511,0,49
13948,8799,230,16341,4461,46
13615,7662,224,14577,4462,55
4340,2420,75,5365,891,2
3687,5589,0,7355,0,29
12614,9413,344,18057,0,1
16561,9506,347,17516,5581,90
1947,3298,0,4742,0,22
563,599,0,1176,0,5
12751,6503,215,12624,5522,102
13053,9071,259,15430,2872,63
16636,11895,405,21512,3997,94
11450,6212,124,11382,5209,43
9006,6499,196,11081,0,46
12856,11739,275,19070,0,56
2075,3712,0,5306,0,19
28,832,0,64,0,0
3707,3943,0,5770,0,1
16954,11357,323,21285,5182,120
2487,4070,0,5647,0,35
3685,4670,0,6703,0,14
3023,4443,0,5958,0,32
3187,5177,0,6380,0,16
12322,9647,291,16458,0,72
9513,7978,200,12749,0,53
2897,4034,0,5741,0,25
16581,11075,363,19813,5140,60
2751,4433,0,6021,0,15
18103,11758,382,20829,5540,85
3154,4829,0,6895,0,1
172,451,0,356,0,0
15949,10451,341,19032,5006,74
19088,12106,398,22339,6038,101
5132,2380,48,5301,0,38
13171,8634,237,14607,2553,56
1841,2713,0,3867,0,27
6889,5020,22,7867,0,33
4856,6139,0,8444,0,22
1379,2289,0,3172,0,3
16301,9571,334,17376,5389,66
19980,12347,447,27428,6141,0
13446,8656,182,15567,4428,49
18376,11664,440,24147,5332,0
16955,9822,328,18354,5521,88
14886,10356,352,17925,1057,89
2785,4826,0,6671,0,18
16136,11369,356,20456,4731,72
3097,4934,0,6808,0,21
16819,10938,324,19802,5116,81
2532,4481,0,6468,0,21
12574,8810,194,14281,4069,44
3711,5888,0,7675,0,0
16458,12116,393,20886,4575,149
954,893,0,1730,0,5
2452,3681,0,5320,0,23
5686,2707,85,6389,1986,0
1146,2347,0,3058,0,11
7414,3709,110,7828,4010,1
11782,5909,175,11980,5235,37
11675,8849,276,15200,0,60
17873,10488,352,18306,4558,71
4105,7011,0,8653,0,13
15462,9377,309,16887,5069,79
19573,12757,419,26092,5731,0
2744,4584,0,6673,0,1
15110,9605,244,17024,4531,113
19528,12403,474,26649,5947,0
16759,10913,355,19340,4987,84
3272,3524,0,6628,0,26
12406,8506,244,14809,3999,74
16171,11091,335,19269,5070,118
12716,7199,127,12989,5208,59
2963,4235,0,5929,0,34
13773,7887,184,15192,5233,85
15294,10730,262,18223,4694,77
9556,7802,229,12924,0,54
14261,8349,249,15143,4690,68
1822,2998,0,4270,0,3
11479,8122,225,14257,1309,68
18178,11601,452,24231,5833,0
16613,10658,427,22025,3638,0
11059,6942,199,12064,2369,52
15571,10509,381,18959,4805,57
5809,4327,28,7040,0,30
2043,3204,0,4470,0,12
5683,6736,0,9225,2,1
2010,3260,0,4904,0,18
888,774,0,1425,0,12
4320,8460,0,8832,0,22
8541,7632,141,11050,0,42
17528,11488,385,20156,5190,79
15046,8528,328,15468,5450,66
15700,10657,200,18176,4714,151
20061,11865,477,25312,7234,0
8057,6167,166,9725,0,39
2631,4139,0,6241,0,23
13435,9082,180,15167,4297,78
1949,2590,0,3903,0,42
11386,6669,185,12560,3815,64
11886,5832,136,11005,5760,53
13260,8249,224,15030,4586,66
11424,7787,218,13919,2678,66
14797,10018,383,17549,2033,87
14092,10938,396,20989,0,0
2445,4380,0,5352,0,22
10127,7741,203,12920,0,37
2206,4128,0,5846,0,18
2648,1364,54,3201,53,1
2424,4662,0,5876,0,24
15189,9338,320,17070,4969,68
16872,11389,362,20509,5453,101
2657,4446,0,6798,0,20
17086,11115,451,23151,5426,121
1897,2913,0,4101,0,13
10946,5979,165,11113,4641,50
10197,5165,154,9988,4451,80
4016,6021,0,7978,0,10
16469,11255,437,22691,3831,0
18132,11744,369,20586,5456,101
15692,11103,315,20190,1804,92
13820,10948,210,16933,593,55
18430,11417,470,25248,6040,137
15668,10600,252,18380,4572,67
16430,11369,260,19439,4977,68
19016,12133,373,22077,6188,122
15484,9830,338,18415,5125,83
18951,12425,464,25925,5661,0
10080,5185,124,9993,4680,26
2298,3487,0,4827,0,12
9753,6280,157,11787,3258,58
2013,3721,0,4838,0,15
1286,1917,0,2755,0,3
2259,4171,0,5454,0,14
8964,4925,138,10045,4805,3
3691,4355,0,5976,0,1
10832,8308,221,13925,0,46
13351,8513,249,14933,4426,64
13027,7620,254,14486,4896,49
14296,10697,245,17018,1522,68
4592,5955,0,8447,0,16
16619,10246,267,19130,4713,91
14933,9862,368,17463,5113,50
4072,7268,0,9330,0,92
10872,9141,219,15168,0,64
4194,8074,0,8817,0,36
891,778,0,1523,0,0
12918,10197,389,17538,0,63
17757,12168,258,20614,5237,65
3494,6942,0,9031,0,0
16332,8949,295,16550,6740,46
13634,8601,218,15277,4444,70
3018,1565,54,3387,42,0
16040,10532,400,20697,2856,0
6998,5168,139,9967,0,4
3210,5051,0,6511,0,31
9097,6941,231,12267,0,51
2705,5627,0,7399,0,21
14670,9940,341,17921,2970,50
15232,8730,292,16641,4647,91
10766,5418,158,10274,4747,68
13166,7064,196,14058,5354,54
2285,4208,0,5560,0,44
4049,6498,0,8846,0,25
18637,12002,411,21233,5781,123
16457,10272,212,17390,5531,93
13819,9164,221,16368,4359,59
586,688,0,1049,0,0
9839,5073,223,12053,0,30
1360,2039,0,3038,0,0
9131,4513,114,9588,5000,1
18837,12065,450,25778,5460,0
5555,3458,210,8169,443,0
3551,1917,67,4496,149,10
13811,7614,193,14616,5631,86
3294,1569,40,3661,34,1
4765,8846,0,9909,0,14
11963,9123,261,15513,0,62
16701,10626,342,19293,4750,131
11464,9419,261,15882,0,60
10235,5446,196,12627,0,45
13519,8538,257,15053,3522,55
12176,8184,249,13666,971,38
16618,9841,310,17936,5285,114
15466,8880,311,16701,5268,62
2910,4208,0,6437,0,1
12068,6187,190,12126,4973,77
2109,3300,0,4711,0,19
1512,1838,0,2915,0,0
2902,4399,0,6739,0,1
15962,10081,361,18459,4710,74
8241,4904,99,8679,901,24
18054,11401,358,20069,5530,108
9059,6636,186,10915,0,36
2970,1602,55,3627,0,1
2280,3635,0,5382,0,14
13449,6815,243,13550,5596,106
19515,12465,386,26030,6147,150
19547,12707,458,26165,5745,0
3531,5568,0,7541,0,34
19081,12298,462,25207,5569,0
15462,10191,373,18451,5000,82
16479,10552,371,19335,4528,74
1677,2593,0,3849,0,19
17286,11158,271,19497,4885,65
8405,6122,156,10569,0,55
2086,772,20,1888,0,24
12935,9282,322,16301,2924,67
2607,3502,0,5840,0,0
13634,10232,371,18038,1112,52
17653,11287,472,24190,5380,76
2516,1016,15,2354,0,30
11796,5801,168,11817,5235,55
12368,9422,363,18705,0,0
10459,6772,179,11968,917,58
10552,8025,254,13727,0,50
2825,4910,0,6406,0,17
17090,11327,292,20321,5753,117
13492,8348,175,14959,4656,49
8636,6882,60,10697,0,45
2323,4005,0,4997,0,27
3889,6929,0,8827,0,12
2544,5047,0,6831,0,25
15314,11367,367,18266,4364,76
9469,6426,222,11375,0,43
15437,8969,312,16007,5151,56
13498,7809,273,14397,4780,42
15871,10476,310,19018,4607,69
2227,3231,0,4579,0,19
18416,11639,347,21093,5737,71
1869,3197,0,4669,4,19
12648,6421,213,12437,5072,56
11095,8629,320,14569,0,63
3287,5006,0,6519,0,42
2111,767,19,1877,0,18
16541,10792,282,19038,5135,76
14973,9509,276,17188,4285,112
3084,1558,52,3519,49,0
2729,3929,0,5591,0,30
9344,7810,158,12178,0,43
13618,10066,281,20355,0,0
20196,14773,381,27274,6270,1
13327,10650,441,20494,0,1
485,2537,0,440,37,0
16261,10347,340,18625,5118,91
8728,8728,119,11240,0,74
2993,4715,0,6276,0,17
1377,1935,0,2952,0,14
3201,5410,0,7001,0,21
12690,8920,162,13686,3786,1105
16225,10752,370,20100,4952,91
13983,7616,255,14158,4924,50
17008,9756,333,18260,5945,87
2352,3874,0,5703,0,33
18655,11206,473,24236,5993,0
15725,8498,290,16844,5324,58
15571,10783,386,20872,838,0
4309,2260,46,4470,0,63
2733,4674,0,6635,0,12
11439,8952,304,16302,0,49
16307,9324,340,17544,5964,90
15296,9596,340,17364,2279,84
13220,6932,235,13692,5362,56
15004,9893,271,17401,4520,144
13351,8501,229,15343,4725,59
16811,11939,388,21002,5082,67
16785,9652,382,18088,5806,58
1836,4736,0,5122,0,11
3012,2336,59,3738,0,0
7522,5894,75,9896,0,0
14923,9251,292,16548,4134,90
15716,9235,302,16929,5234,73
2945,2568,0,5160,0,26
4666,6110,0,8155,0,17
16736,12125,271,20324,5107,94
4497,2636,76,5496,850,3
8080,5927,182,10283,0,41
20862,12622,478,27974,6723,0
3044,1684,63,3666,72,0
16685,10875,266,19046,4712,84
9840,5081,93,9188,4393,50
16179,9691,244,17227,5709,87
1,0,0,4,0,0
2020,3445,0,5028,0,34
1420,1907,0,3035,0,12
15765,8633,284,16256,5961,47
2702,4369,0,6920,0,33
12032,10241,300,15122,4884,56
17903,10604,389,19884,6207,89
12696,8960,327,15477,3405,54
2913,5869,0,6972,0,2
19158,11821,419,22058,6120,67
21,0,1,10,8,0
12138,9564,308,16424,0,58
2541,4171,0,5337,0,12
15962,10907,361,19041,4636,67
15933,9224,315,17131,5186,54
11414,8630,293,14783,0,64
4527,5881,0,7983,0,19
2435,1014,25,2387,0,27
13725,10083,257,16396,2039,54
2479,3521,0,4903,0,0
16326,11740,314,20496,4733,81
5214,6141,0,6925,0,0
12776,9536,421,19204,0,0
12822,6361,176,12798,5085,73
9247,4624,131,9710,4853,6
6282,3971,49,7008,0,39
12029,6319,100,11191,5591,56
3220,4787,0,6099,0,30
16427,12551,306,22808,2053,1
1843,3261,0,4842,0,11
2971,4809,0,6471,0,21
2062,3396,0,4890,0,29
16743,10003,289,18598,5665,98
14794,9746,267,16438,4737,64
8915,6484,188,10986,0,69
12644,7607,224,13913,4633,55
13570,9092,224,14802,3337,62
36,78,0,21,3,0
14363,8534,241,16272,5140,110
9293,7980,159,12601,0,45
16004,8666,284,16823,6048,47
14898,9639,268,17225,4795,68
15624,10409,376,18010,4978,69
13897,8834,256,15412,4604,67
5918,4376,113,8540,0,3
1788,711,20,1714,27,14
15012,10006,278,17394,4617,63
2389,1013,18,2389,0,21
13343,8664,224,15129,4322,104
14158,9736,322,17267,2795,67
13723,8795,255,15675,4227,50
6275,3094,92,6537,2527,1
3735,2108,63,4605,140,16
16522,10963,345,19721,5551,65
6021,3057,41,6156,0,39
2400,847,18,2299,0,36
7046,5060,133,10048,0,2
14678,9684,232,16618,3827,94
13072,11190,322,19284,0,50
10835,9020,205,14696,0,68
12304,7426,267,13727,1217,42
16090,11395,347,20162,4652,95
16008,8818,269,16473,6887,76
15093,10909,320,17845,2524,88
4766,5885,0,7828,0,23
3330,5908,0,7685,0,33
13517,7067,250,13741,5340,38
18176,11790,428,24814,5698,0
7246,4565,94,8304,0,43
13605,8230,260,15712,4796,69
15234,8655,304,16176,5157,71
7358,4799,83,8416,0,51
1835,3029,0,4304,0,27
14002,8943,237,15814,4669,35
13977,10088,199,15873,2973,62
11478,8901,234,14947,0,81
9639,5855,115,10813,4784,5
15753,9203,270,17369,5183,115
2060,3718,0,4989,0,1
6,0,0,13,0,0
2113,3514,0,4362,0,25
16515,9313,288,17924,6045,79
3792,5316,0,7711,0,20
17055,11668,450,23975,2072,13
17767,12251,344,22953,5243,88
14093,9194,188,16142,4374,72
15462,9033,287,16468,5400,69
2116,3635,0,5166,0,15
3336,4532,0,6482,0,16
10609,6167,143,11415,4464,51
2470,4481,0,6197,0,22
2320,4285,0,6017,0,17
14998,9167,317,16406,5297,56
2093,791,24,2000,0,14
11326,5558,153,11361,5060,34
16939,8742,341,17743,6211,97
14116,8863,225,15990,4392,54
17414,11086,318,19881,4917,71
11434,8254,248,13939,2642,49
1939,3626,0,4918,0,18
14653,9360,176,15852,3994,80
14214,9565,263,16618,4049,104
13752,7333,194,13984,4941,31
2573,4084,0,5643,0,17
11445,9039,215,14506,0,54
4154,6325,0,8797,0,17
10443,8835,262,14540,0,41
17139,9723,369,22739,6000,0
12264,7130,217,13291,1925,55
1473,2326,0,3350,0,30
14266,9665,248,16658,3458,60
12837,8514,181,14617,4692,67
11472,5796,179,11497,5366,56
15708,8764,325,16434,5252,110
2417,3853,0,5766,0,21
16229,11175,421,19552,5001,54
14273,9779,302,17029,4072,121
17017,9626,325,18501,5744,75
12692,6269,189,12158,5132,53
11841,5825,194,11846,5086,49
2130,4063,0,5204,0,29
12502,9667,331,15883,0,71
14427,9851,169,17155,3529,73
4855,6268,0,8404,0,22
18610,12106,461,25270,5744,9
16232,8903,310,17113,5857,72
10172,5042,116,9436,4866,72
2435,4340,0,6227,0,15
11183,8741,215,14127,0,119
2079,953,23,2185,14,11
4050,2306,72,5347,869,0
16019,10179,307,18489,5868,160
11004,5523,129,10359,4731,77
2035,4008,0,5240,0,22
12248,6821,165,12700,4919,45
1955,2981,0,4777,0,18
1569,3203,0,4099,0,14
17223,11618,355,20989,5625,73
15789,10273,280,18080,4378,85
13109,9653,380,20317,0,0
2032,3506,0,4891,0,28
15032,8449,281,15625,5217,61
11236,8943,200,14207,0,64
4396,6369,0,8993,0,84
13042,9011,161,14820,2928,93
12670,9420,188,15280,2969,55
5431,3887,18,6497,0,66
2026,3035,0,4398,0,36
56,1938,0,67,10,0
12670,7783,220,14208,4386,56
2136,909,23,2215,0,25
590,433,0,1016,0,11
8432,6021,172,10552,4,44
8889,6077,113,11132,2966,4
4339,6542,0,8932,0,22
18955,12275,470,25228,5665,0
12712,8500,249,14190,911,47
16113,9808,246,16822,5178,91
21,577,0,49,0,0
14108,8154,322,15402,5170,61
16725,10456,351,19473,4826,92
10372,7411,273,13369,5,59
7127,5241,142,10067,0,8
13363,8790,227,15117,4590,54
15612,9075,252,16471,4890,98
15917,9295,319,17484,5160,58
12307,6055,192,11891,5195,49
12437,10255,315,19115,0,0
4878,6506,0,8932,0,21
5057,6692,0,7379,0,1
15096,11170,343,19353,1922,106
13538,8600,254,14832,2988,49
2345,2973,0,4511,0,18
18831,12491,439,26140,5497,1
14224,10015,268,16799,2268,72
9798,5040,140,9354,4516,67
2687,4929,0,7061,0,21
17732,12303,285,19920,5404,68
9651,7544,174,13305,0,0
3241,4816,0,6232,0,27
6154,9985,69,10609,0,1
13638,10823,362,19086,0,80
1268,2517,0,2850,0,12
18342,11333,432,20730,5993,73
10707,7812,161,12696,596,52
13587,8360,265,14944,4111,44
11248,8832,317,14783,0,57
3022,4736,0,6342,0,21
13149,5827,247,12978,5084,51
15810,11057,262,19274,4372,84
19431,12269,479,26158,5835,0
16112,11302,313,19714,4964,66
2741,4863,0,6946,0,13
13093,8338,228,15085,4394,32
3772,8419,0,6935,0,24
12217,10407,314,17834,0,36
2035,853,24,2189,0,28
14939,9916,227,16962,4006,62
14023,9187,261,16260,4319,39
13054,9140,311,15966,42,52
708,585,0,1217,0,10
14506,9955,258,16735,4284,115
14579,10075,341,17638,2831,72
10815,6909,216,12610,854,44
1616,2475,0,3771,0,22
2174,3638,0,5068,0,45
17675,11307,422,23598,5681,0
4892,6279,0,9158,0,24
10950,5173,172,10853,4996,55
17360,11712,465,23467,4705,1
1918,3625,0,4776,0,20
11002,5388,112,10088,5151,55
10356,7905,351,15447,0,0
14028,8768,263,15588,4916,118
18703,12607,346,25086,5447,0
16883,10790,375,23007,5284,14
13394,7584,198,13614,4672,65
9635,7788,226,12984,0,72
10254,7869,277,13742,0,48
61,0,0,101,0,0
18179,11701,496,24422,5790,0
2891,5593,0,7065,0,19
3584,3486,0,4761,0,3
15491,7963,330,19246,5873,0
2626,4124,0,6481,0,21
2251,3621,0,4833,0,26
3186,4406,0,5835,0,28
18951,11915,373,25302,5882,0
2614,3950,0,5203,0,3
13698,9132,232,16254,1945,61
10711,6942,280,12890,0,45
11504,5692,156,11230,5247,55
15957,9623,205,17175,4850,68
2748,4329,0,6366,0,21
3582,6057,0,7179,0,16
13445,8019,278,14531,4690,80
16614,10940,336,19728,5921,144
18492,13384,329,25249,4745,0
13027,6466,157,12947,5466,55
16607,9711,236,16941,5569,57
2865,4472,0,6323,0,0
2031,2942,0,4909,0,33
2035,3536,0,5237,0,24
17619,12503,403,22310,2266,90
1155,2768,0,3000,0,8
10814,5837,171,11165,4109,34
2040,4185,0,5374,0,27
3156,4913,0,6445,0,26
2396,3371,0,5185,0,0
13976,11549,391,19837,0,82
15506,8650,230,15651,5317,79
17209,10776,347,20138,5537,78
18179,12743,337,24242,5251,1
4233,6813,0,8613,0,32
18958,12303,411,21981,5823,88
2448,4364,0,6487,0,29
11556,9933,312,16001,0,52
2510,1025,16,2530,0,26
2704,4861,0,6791,0,19
13895,8761,271,15661,4206,54
8822,6028,200,10349,0,28
11337,8671,262,14881,0,66
16791,11800,387,20936,4684,113
5732,3548,73,6644,0,25
3717,1952,70,4411,131,19
16680,11726,347,20438,4738,99
